{"1": {"min_x": -25.26358413696289, "min_y": -219.97833251953125, "min_z": -237.75619506835938, "size_x": 52.82626724243164, "size_y": 240.71991729736328, "size_z": 366.98179626464844, "diameter": 419.21718710273615, "tip_pos": [0.0, 0.0, -237.75619506835938], "tip_dir": [0.0, 0.0, -1.0]}, "2": {"min_x": -19.330114364624023, "min_y": -58.42953872680664, "min_z": -181.81089782714844, "size_x": 39.54642677307129, "size_y": 114.94942474365234, "size_z": 369.0859069824219, "diameter": 369.1189307994865, "tip_pos": [0.0, 0.0, -181.81089782714844], "tip_dir": [0.0, 0.0, -1.0], "symmetries_discrete": [[-1.0, -0.002196, 0.002556, 0.6116, 0.002175, -1.0, -0.008206, -0.06117, 0.002574, -0.0082, 1.0, 0.001101, 0.0, 0.0, 0.0, 1.0]]}, "3": {"min_x": -87.82533264160156, "min_y": -16.567039489746094, "min_z": -2.8934409618377686, "size_x": 177.58517456054688, "size_y": 42.2454891204834, "size_z": 94.8319480419159, "diameter": 177.64057564944616}, "4": {"min_x": -139.135498046875, "min_y": 61.237518310546875, "min_z": -52.127201080322266, "size_x": 138.9790802448988, "size_y": 101.39347839355469, "size_z": 386.424015045166, "diameter": 388.43335322685226}, "5": {"min_x": -242.13218688964844, "min_y": 35.121307373046875, "min_z": -142.0142822265625, "size_x": 339.69354248046875, "size_y": 240.52340698242188, "size_z": 630.5791015625, "diameter": 637.7247446374691}, "6": {"min_x": -185.38560485839844, "min_y": 62.92578125, "min_z": -85.0986328125, "size_x": 229.5638427734375, "size_y": 136.314697265625, "size_z": 430.552001953125, "diameter": 434.33924018791515}}
